{"cameraMode":{"drawMode":0,"name":"Shaded","section":"Shading Mode"},"sceneLighting":true,"audioPlay":false,"sceneViewState":{"m_AlwaysRefresh":false,"showFog":true,"showSkybox":true,"showFlares":true,"showImageEffects":true,"showParticleSystems":true,"showVisualEffectGraphs":true,"m_FxEnabled":true},"in2DMode":false,"pivot":{"x":6.578456878662109,"y":0.4100671708583832,"z":21.27958869934082},"rotation":{"x":-0.15384070575237275,"y":0.30208051204681399,"z":-0.04946478083729744,"w":-0.9394852519035339},"size":14.863524436950684,"orthographic":false}